{
  "person": {
    "label": "E01",
    "confidence": 1.0,
    "all_probabilities": {
      "E01": 1.0,
      "E02": 1.7244337513488972e-08,
      "E03": 5.3335297983680974e-11,
      "E04": 1.4128087588716198e-10
    }
  },
  "action": {
    "label": "A01",
    "confidence": 1.0,
    "all_probabilities": {
      "A01": 1.0,
      "A02": 1.566703241232586e-17,
      "A03": 1.0622015670153703e-17,
      "A04": 1.4794971888235087e-12,
      "A05": 3.866122374497627e-13,
      "A06": 5.370009124872066e-12,
      "A07": 6.613207204075877e-11,
      "A08": 1.2863217435654661e-12,
      "A09": 8.395915629400008e-10,
      "A10": 1.296085599955532e-10,
      "A11": 9.136347243804323e-16,
      "A12": 2.294949820458303e-12,
      "A13": 4.120616743869335e-14,
      "A14": 5.97350266065292e-17,
      "A15": 9.47080773214834e-16,
      "A16": 4.951404954448013e-13,
      "A17": 3.777945734029231e-10,
      "A18": 4.078181155541547e-15,
      "A19": 2.022581060967532e-11,
      "A20": 7.453022223375275e-18,
      "A21": 9.218011410784785e-18,
      "A22": 5.696253364828596e-12,
      "A23": 4.284563155654286e-12,
      "A24": 4.734388337097883e-13,
      "A25": 4.283302770628772e-13,
      "A26": 1.281755327960446e-14,
      "A27": 6.189743406411277e-14
    }
  },
  "data_path": "t:\\Niki\\Documents\\School\\E01\\S01\\A01\\mmwave",
  "model_path": "best_model.pth"
}